Metric,Value
Total Value ($),9510.85727581778
Annual Return (%),39.89390836043409
Annual Risk (%),25.233102519425515
Sharpe Ratio,1.5413843117584096
